{
  "data_asset_type": null,
  "expectation_suite_name": "expectation-employee-dataset",
  "expectations": [
    {
      "expectation_type": "expect_column_values_to_not_be_null",
      "kwargs": {
        "column": "attrition"
      },
      "meta": {}
    },
    {
      "expectation_type": "expect_column_values_to_be_unique",
      "kwargs": {
        "column": "emp_no"
      },
      "meta": {}
    },
    {
      "expectation_type": "expect_column_values_to_be_between",
      "kwargs": {
        "column": "work_life_balance",
        "max_value": 5,
        "min_value": 1
      },
      "meta": {}
    },
    {
      "expectation_type": "expect_column_values_to_be_in_set",
      "kwargs": {
        "column": "business_travel",
        "value_set": [
          "Travel_Rarely",
          "Travel_Frequently",
          "Non-Travel"
        ]
      },
      "meta": {}
    },
    {
      "expectation_type": "expect_column_values_to_be_in_type_list",
      "kwargs": {
        "column": "monthly_rate",
        "type_list": [
          "int64",
          "float"
        ]
      },
      "meta": {}
    },
    {
      "expectation_type": "expect_column_mean_to_be_between",
      "kwargs": {
        "column": "age",
        "max_value": 40,
        "min_value": 30
      },
      "meta": {}
    },
    {
      "expectation_type": "expect_column_most_common_value_to_be_in_set",
      "kwargs": {
        "column": "education",
        "value_set": [
          "Bachelor's Degree",
          "master's Degree"
        ]
      },
      "meta": {}
    },
    {
      "expectation_type": "expect_column_proportion_of_unique_values_to_be_between",
      "kwargs": {
        "column": "department",
        "max_value": 1,
        "min_value": 0
      },
      "meta": {}
    },
    {
      "expectation_type": "expect_column_max_to_be_between",
      "kwargs": {
        "column": "hourly_rate",
        "max_value": 100,
        "min_value": 80
      },
      "meta": {}
    },
    {
      "expectation_type": "expect_column_stdev_to_be_between",
      "kwargs": {
        "column": "relationship_satisfaction",
        "max_value": 5,
        "min_value": 1
      },
      "meta": {}
    }
  ],
  "ge_cloud_id": null,
  "meta": {
    "great_expectations_version": "0.18.8"
  }
}