{
  "evaluation_parameters": {},
  "meta": {
    "active_batch_definition": {
      "batch_identifiers": {},
      "data_asset_name": "attrition-data",
      "data_connector_name": "fluent",
      "datasource_name": "csv-data-emp"
    },
    "batch_markers": {
      "ge_load_time": "20240114T033200.351315Z",
      "pandas_data_fingerprint": "c2cf32872b1a4c32a0f59329ae1154e0"
    },
    "batch_spec": {
      "reader_method": "read_csv",
      "reader_options": {
        "filepath_or_buffer": "airflow\\data\\P2M3_MuhammadFariz_data_clean.csv"
      }
    },
    "checkpoint_id": null,
    "checkpoint_name": "checkpoint_1",
    "expectation_suite_name": "expectation-employee-dataset",
    "great_expectations_version": "0.18.8",
    "run_id": {
      "run_name": null,
      "run_time": "2024-01-14T10:32:00.341388+07:00"
    },
    "validation_id": null,
    "validation_time": "20240114T033200.371445Z"
  },
  "results": [
    {
      "exception_info": {
        "exception_message": null,
        "exception_traceback": null,
        "raised_exception": false
      },
      "expectation_config": {
        "expectation_type": "expect_column_values_to_not_be_null",
        "kwargs": {
          "batch_id": "csv-data-emp-attrition-data",
          "column": "attrition"
        },
        "meta": {}
      },
      "meta": {},
      "result": {
        "element_count": 1470,
        "partial_unexpected_counts": [],
        "partial_unexpected_index_list": [],
        "partial_unexpected_list": [],
        "unexpected_count": 0,
        "unexpected_percent": 0.0
      },
      "success": true
    },
    {
      "exception_info": {
        "exception_message": null,
        "exception_traceback": null,
        "raised_exception": false
      },
      "expectation_config": {
        "expectation_type": "expect_column_values_to_be_unique",
        "kwargs": {
          "batch_id": "csv-data-emp-attrition-data",
          "column": "emp_no"
        },
        "meta": {}
      },
      "meta": {},
      "result": {
        "element_count": 1470,
        "missing_count": 0,
        "missing_percent": 0.0,
        "partial_unexpected_counts": [],
        "partial_unexpected_index_list": [],
        "partial_unexpected_list": [],
        "unexpected_count": 0,
        "unexpected_percent": 0.0,
        "unexpected_percent_nonmissing": 0.0,
        "unexpected_percent_total": 0.0
      },
      "success": true
    },
    {
      "exception_info": {
        "exception_message": null,
        "exception_traceback": null,
        "raised_exception": false
      },
      "expectation_config": {
        "expectation_type": "expect_column_values_to_be_between",
        "kwargs": {
          "batch_id": "csv-data-emp-attrition-data",
          "column": "work_life_balance",
          "max_value": 5,
          "min_value": 1
        },
        "meta": {}
      },
      "meta": {},
      "result": {
        "element_count": 1470,
        "missing_count": 0,
        "missing_percent": 0.0,
        "partial_unexpected_counts": [],
        "partial_unexpected_index_list": [],
        "partial_unexpected_list": [],
        "unexpected_count": 0,
        "unexpected_percent": 0.0,
        "unexpected_percent_nonmissing": 0.0,
        "unexpected_percent_total": 0.0
      },
      "success": true
    },
    {
      "exception_info": {
        "exception_message": null,
        "exception_traceback": null,
        "raised_exception": false
      },
      "expectation_config": {
        "expectation_type": "expect_column_values_to_be_in_set",
        "kwargs": {
          "batch_id": "csv-data-emp-attrition-data",
          "column": "business_travel",
          "value_set": [
            "Travel_Rarely",
            "Travel_Frequently",
            "Non-Travel"
          ]
        },
        "meta": {}
      },
      "meta": {},
      "result": {
        "element_count": 1470,
        "missing_count": 0,
        "missing_percent": 0.0,
        "partial_unexpected_counts": [],
        "partial_unexpected_index_list": [],
        "partial_unexpected_list": [],
        "unexpected_count": 0,
        "unexpected_percent": 0.0,
        "unexpected_percent_nonmissing": 0.0,
        "unexpected_percent_total": 0.0
      },
      "success": true
    },
    {
      "exception_info": {
        "exception_message": null,
        "exception_traceback": null,
        "raised_exception": false
      },
      "expectation_config": {
        "expectation_type": "expect_column_values_to_be_in_type_list",
        "kwargs": {
          "batch_id": "csv-data-emp-attrition-data",
          "column": "monthly_rate",
          "type_list": [
            "int64",
            "float"
          ]
        },
        "meta": {}
      },
      "meta": {},
      "result": {
        "observed_value": "int64"
      },
      "success": true
    },
    {
      "exception_info": {
        "exception_message": null,
        "exception_traceback": null,
        "raised_exception": false
      },
      "expectation_config": {
        "expectation_type": "expect_column_mean_to_be_between",
        "kwargs": {
          "batch_id": "csv-data-emp-attrition-data",
          "column": "age",
          "max_value": 40,
          "min_value": 30
        },
        "meta": {}
      },
      "meta": {},
      "result": {
        "observed_value": 36.923809523809524
      },
      "success": true
    },
    {
      "exception_info": {
        "exception_message": null,
        "exception_traceback": null,
        "raised_exception": false
      },
      "expectation_config": {
        "expectation_type": "expect_column_most_common_value_to_be_in_set",
        "kwargs": {
          "batch_id": "csv-data-emp-attrition-data",
          "column": "education",
          "value_set": [
            "Bachelor's Degree",
            "master's Degree"
          ]
        },
        "meta": {}
      },
      "meta": {},
      "result": {
        "observed_value": [
          "Bachelor's Degree"
        ]
      },
      "success": true
    },
    {
      "exception_info": {
        "exception_message": null,
        "exception_traceback": null,
        "raised_exception": false
      },
      "expectation_config": {
        "expectation_type": "expect_column_proportion_of_unique_values_to_be_between",
        "kwargs": {
          "batch_id": "csv-data-emp-attrition-data",
          "column": "department",
          "max_value": 1,
          "min_value": 0
        },
        "meta": {}
      },
      "meta": {},
      "result": {
        "observed_value": 0.0020408163265306124
      },
      "success": true
    },
    {
      "exception_info": {
        "exception_message": null,
        "exception_traceback": null,
        "raised_exception": false
      },
      "expectation_config": {
        "expectation_type": "expect_column_max_to_be_between",
        "kwargs": {
          "batch_id": "csv-data-emp-attrition-data",
          "column": "hourly_rate",
          "max_value": 100,
          "min_value": 80
        },
        "meta": {}
      },
      "meta": {},
      "result": {
        "observed_value": 100
      },
      "success": true
    },
    {
      "exception_info": {
        "exception_message": null,
        "exception_traceback": null,
        "raised_exception": false
      },
      "expectation_config": {
        "expectation_type": "expect_column_stdev_to_be_between",
        "kwargs": {
          "batch_id": "csv-data-emp-attrition-data",
          "column": "relationship_satisfaction",
          "max_value": 5,
          "min_value": 1
        },
        "meta": {}
      },
      "meta": {},
      "result": {
        "observed_value": 1.081208886440361
      },
      "success": true
    }
  ],
  "statistics": {
    "evaluated_expectations": 10,
    "success_percent": 100.0,
    "successful_expectations": 10,
    "unsuccessful_expectations": 0
  },
  "success": true
}